{
  "agua": [
    {
      "id": 1,
      "recurso": "100g de ternera",
      "consumoEnLitros": "900",
      "tipo": "comida"
    },
    {
      "id": 2,
      "recurso": "100g de pollo",
      "consumoEnLitros": "700",
      "tipo": "comida"
    },
    {
      "id": 3,
      "recurso": "100g de setas",
      "consumoEnLitros": "25",
      "tipo": "comida"
    },
    {
      "id": 4,
      "recurso": "100g de calabacines",
      "consumoEnLitros": "35",
      "tipo": "comida"
    },
    {
      "id": 5,
      "recurso": "100g de arroz",
      "consumoEnLitros": "100",
      "tipo": "comida"
    },
    {
      "id": 6,
      "recurso": "1l de gasolina",
      "consumoEnLitros": "500",
      "tipo": "combustible"
    },
    {
      "id": 7,
      "recurso": "1l de biodiésel",
      "consumoEnLitros": "1200",
      "tipo": "combustible"
    },
    {
      "_id": 7,
      "_recurso": "100g de avestruz",
      "_consumoEnLitros": "1000",
      "_tipo": "comida",
      "id": 8
    },
    {
      "_id": 7,
      "_recurso": "100g de avestruz",
      "_consumoEnLitros": "1000",
      "_tipo": "comida",
      "id": 9
    },
    {
      "_id": 7,
      "_recurso": "100g de avestruz",
      "_consumoEnLitros": "1000",
      "_tipo": "comida",
      "id": 10
    },
    {
      "_id": 7,
      "_recurso": "100g de avestruz",
      "_consumoEnLitros": "1000",
      "_tipo": "comida",
      "id": 11
    }
  ]
}